filename,domain,cluster_id
aamco-councilbluffs_com.png,aamco-councilbluffs.com,0
aamcoindependencemo_com.webp,aamcoindependencemo.com,1
actemium_ch.png,actemium.ch,2
adecco_cl.png,adecco.cl,3
adecco_co_th.ico,adecco.co.th,3
adecco_com_sg.png,adecco.com.sg,4
adlatus-nordwestschweiz_ch.png,adlatus-nordwestschweiz.ch,5
adra_org_pe.png,adra.org.pe,6
affidea_ba.png,affidea.ba,7
africell_ao.png,africell.ao,8
airbnb_rs.png,airbnb.rs,9
algeco_sk.ico,algeco.sk,10
algordanza_com_au.png,algordanza.com.au,11
allianz-kuhlemann_de.png,allianz-kuhlemann.de,12
amnesty_id.png,amnesty.id,13
amnesty_is.png,amnesty.is,13
aonsolutions_com_cy.png,aonsolutions.com.cy,14
astrazeneca_hu.ico,astrazeneca.hu,15
atalian_hu.ico,atalian.hu,16
autosecuritas-barlin_fr.png,autosecuritas-barlin.fr,17
avia-belgomine_be.png,avia-belgomine.be,18
avia_ch.png,avia.ch,19
plameco_nl.ico,plameco.nl,19
axabreakdown_co_uk.ico,axabreakdown.co.uk,20
azets_ie.ico,azets.ie,21
bakertilly_bg.png,bakertilly.bg,22
bakertilly_ci.png,bakertilly.ci,23
yves-rocher_pt.ico,yves-rocher.pt,23
bakertilly_ke.png,bakertilly.ke,24
bauder_at.png,bauder.at,25
baywa-re_es.ico,baywa-re.es,26
bbraun_ae.ico,bbraun.ae,27
benu_ee.ico,benu.ee,28
berlitz-augsburg_de.png,berlitz-augsburg.de,29
berlitz-dublin_ie.jpg,berlitz-dublin.ie,30
besins-healthcare_se.png,besins-healthcare.se,31
bioderma-sk_com.ico,bioderma-sk.com,32
bmw-motorrad-euromotos-lyon_fr.ico,bmw-motorrad-euromotos-lyon.fr,33
bonprix_nl.ico,bonprix.nl,34
bosch-industry-consulting_com.ico,bosch-industry-consulting.com,35
carglass_cz.png,carglass.cz,36
daikin-ksa_com.png,daikin-ksa.com,36
carglass_gr.ico,carglass.gr,37
ikea_com_tr.ico,ikea.com.tr,37
ikea_ee.ico,ikea.ee,37
carglass_hu.ico,carglass.hu,38
carglass_rs.png,carglass.rs,39
zkteco_vn.png,zkteco.vn,39
carlsjr_com_sg.png,carlsjr.com.sg,40
caspak_co_nz.ico,caspak.co.nz,41
cdlbarreiras_com_br.jpg,cdlbarreiras.com.br,42
cdu-aldenhoven_de.png,cdu-aldenhoven.de,43
cdviberica_com.png,cdviberica.com,44
chip_pl.png,chip.pl,45
einhell_ba.png,einhell.ba,45
compo_de.png,compo.de,46
crif_pl.ico,crif.pl,47
crocssa_co_za.png,crocssa.co.za,48
crocs_co_id.png,crocs.co.id,49
culliganheartland_com.ico,culliganheartland.com,50
cvjm-hemer_de.png,cvjm-hemer.de,51
cvjm-pfalz_de.ico,cvjm-pfalz.de,51
cvjm-muensingen_de.jpg,cvjm-muensingen.de,52
daikincareers_com.ico,daikincareers.com,53
daikintexastechnologypark_com.png,daikintexastechnologypark.com,53
daikin_com_sg.png,daikin.com.sg,54
deheus_com_vn.png,deheus.com.vn,55
demeter-bw_de.ico,demeter-bw.de,56
demetercs_eu.png,demetercs.eu,57
ikea_com_hk.png,ikea.com.hk,57
dulux_pl.png,dulux.pl,58
dysartsservicecenter_com.jpg,dysartsservicecenter.com,59
ebayglobalshipping_com.ico,ebayglobalshipping.com,60
medef-artois_fr.png,medef-artois.fr,60
ebay_cn.ico,ebay.cn,61
ecslupsk_pl.png,ecslupsk.pl,62
edenred_es.png,edenred.es,63
engie-africa_com.png,engie-africa.com,64
engie_cl.png,engie.cl,65
zktecoma_com.png,zktecoma.com,65
engie_co_uk.png,engie.co.uk,66
engie_de.png,engie.de,66
equans_hu.png,equans.hu,67
esseskincare_sg.png,esseskincare.sg,68
europa-union-sachsen-anhalt_de.ico,europa-union-sachsen-anhalt.de,69
flashbay_ca.ico,flashbay.ca,70
fleishmanhillard_cn.png,fleishmanhillard.cn,71
fmc-mexico_com.ico,fmc-mexico.com,72
freseniusmedicalcare_ca.png,freseniusmedicalcare.ca,72
ford_dn_ua.ico,ford.dn.ua,73
ford_if_ua.svg,ford.if.ua,74
globalconnectcarrier_com.png,globalconnectcarrier.com,75
grantthornton_com_sv.png,grantthornton.com.sv,76
greatplacetowork_com_bo.png,greatplacetowork.com.bo,77
greatplacetowork_com_cy.png,greatplacetowork.com.cy,78
honda-pirola_com.ico,honda-pirola.com,79
hyundaiblacktown_com_au.png,hyundaiblacktown.com.au,80
ibc-solar_jp.png,ibc-solar.jp,81
immunospot_eu.png,immunospot.eu,82
inductothermgroup_com_br.png,inductothermgroup.com.br,83
infiniti-abudhabi_com.png,infiniti-abudhabi.com,84
intersport-arc1950_com.png,intersport-arc1950.com,85
intersport-martinique-guadeloupe_fr.png,intersport-martinique-guadeloupe.fr,86
intertongn_es.jpg,intertongn.es,87
isic_de.png,isic.de,88
isover_hu.png,isover.hu,89
julis-nuernberg_de.png,julis-nuernberg.de,90
julis-sh_de.png,julis-sh.de,91
jungheinrich_com_sg.ico,jungheinrich.com.sg,92
kalyanmachines_com.png,kalyanmachines.com,93
kapanfastigheter_se.png,kapanfastigheter.se,94
kia-ci_com.jpg,kia-ci.com,95
kia-crimea_ru.png,kia-crimea.ru,96
linexcoloradosprings_com.png,linexcoloradosprings.com,96
kierpensions_co_uk.png,kierpensions.co.uk,97
kumonla_com.ico,kumonla.com,98
kuraray_us_com.png,kuraray.us.com,99
lamborghini-zh_ch.png,lamborghini-zh.ch,100
linde-electronics_com.png,linde-electronics.com,101
linde-finance_com.png,linde-finance.com,102
linde-gas_nl.png,linde-gas.nl,103
linexaus_com_au.png,linexaus.com.au,104
manpowergroup_no.png,manpowergroup.no,105
mapfre_pr.png,mapfre.pr,106
pearsonclinical_ca.ico,pearsonclinical.ca,106
mateco_nl.ico,mateco.nl,107
mazda-angola-autozuid_com.png,mazda-angola-autozuid.com,108
mazda-autohaus-albstadt-auto-domicil-ebingen_de.png,mazda-autohaus-albstadt-auto-domicil-ebingen.de,108
mazdabali_co_id.png,mazdabali.co.id,108
mazda-krakow-kazokuluzar_pl.png,mazda-krakow-kazokuluzar.pl,109
mazda-ma_com.ico,mazda-ma.com,110
mazda_de.png,mazda.de,111
mazda_fi.ico,mazda.fi,112
mcdonalds_co_za.ico,mcdonalds.co.za,113
mcdonalds_md.png,mcdonalds.md,113
meggle-bakery_com.png,meggle-bakery.com,114
menicon_de.ico,menicon.de,115
menschenfuermenschen_at.png,menschenfuermenschen.at,116
mercyships_dk.png,mercyships.dk,117
metlife_co_kr.ico,metlife.co.kr,118
misterwhat_nl.png,misterwhat.nl,119
mitsubishi-motors_com_om.svg,mitsubishi-motors.com.om,120
mitsubishielectric_cz.png,mitsubishielectric.cz,121
modshair-bielefeld_de.png,modshair-bielefeld.de,122
rsmpoland_pl.ico,rsmpoland.pl,122
rsmthailand_com.png,rsmthailand.com,122
moog_co_uk.ico,moog.co.uk,123
murrelektronik_be.png,murrelektronik.be,124
myron_ca.png,myron.ca,125
narscosmetics_es.ico,narscosmetics.es,126
nestle_bg.ico,nestle.bg,127
nobleprog_co_th.png,nobleprog.co.th,128
noiseassessments_org.png,noiseassessments.org,129
nutriciababy_be.ico,nutriciababy.be,130
nutricia_nl.ico,nutricia.nl,131
oil-testing_de.png,oil-testing.de,132
orange_sn.ico,orange.sn,133
pefc_fi.ico,pefc.fi,134
peugeot_sk.ico,peugeot.sk,135
pirtek_be.png,pirtek.be,136
pkf_co_in.png,pkf.co.in,137
plameco-hannover_de.png,plameco-hannover.de,138
propertyfinder_com.ico,propertyfinder.com,139
rationalstock_es.png,rationalstock.es,140
reedglobal_hu.png,reedglobal.hu,141
renaultsanzhispano_es.png,renaultsanzhispano.es,142
renaulttersa_com_mx.png,renaulttersa.com.mx,142
repsol_in_ua.png,repsol.in.ua,143
rheine_schule.jpg,rheine.schule,144
rotary-bulgaria_org.png,rotary-bulgaria.org,145
rotaryclubofessex_com.png,rotaryclubofessex.com,145
rubiomonocoat_com_au.png,rubiomonocoat.com.au,146
rutscherlebnis_at.png,rutscherlebnis.at,147
santillana_com_hn.webp,santillana.com.hn,148
savethechildren_ca.png,savethechildren.ca,149
savethechildren_it.ico,savethechildren.it,150
savethechildren_mx.png,savethechildren.mx,151
scte-prod_herokuapp_com.png,scte-prod.herokuapp.com,152
vitalimages_com.ico,vitalimages.com,152
seasonsrehab_in.png,seasonsrehab.in,153
secureparkinghi_com.png,secureparkinghi.com,154
secureparking_co_id.png,secureparking.co.id,155
servier_com_ar.png,servier.com.ar,156
shimadzu-la_com.svg,shimadzu-la.com,157
sitechnorthwest_com.png,sitechnorthwest.com,158
spie_lu.png,spie.lu,159
spitex-oberfreiamt_ch.ico,spitex-oberfreiamt.ch,160
spitexaadorf_ch.ico,spitexaadorf.ch,160
srpb2b_com.png,srpb2b.com,161
stanbicbank_co_bw.ico,stanbicbank.co.bw,162
starbucks_co_nz.ico,starbucks.co.nz,163
statkraft_ie.png,statkraft.ie,164
sto_hr.ico,sto.hr,165
strabag-pfs_com.png,strabag-pfs.com,166
subaru-bd_com.jpg,subaru-bd.com,167
svnefird_com.png,svnefird.com,168
svntrinity_com.png,svntrinity.com,169
synlab_com_gh.ico,synlab.com.gh,170
tbwa_co_za.png,tbwa.co.za,171
thebodyshop_si.png,thebodyshop.si,172
toupret_ch.ico,toupret.ch,173
toyota-bauer_at.png,toyota-bauer.at,174
toyotaaktoy_com_tr.png,toyotaaktoy.com.tr,175
toyotabacau_ro.png,toyotabacau.ro,175
toysrus_com_my.png,toysrus.com.my,176
toysrus_fr.png,toysrus.fr,177
tupperware_co_kr.png,tupperware.co.kr,178
unicharm_com_br.png,unicharm.com.br,179
urmet_com_br.png,urmet.com.br,180
vbh_be.png,vbh.be,181
veka_pt.png,veka.pt,182
viacon_no.png,viacon.no,183
vkf-renzel_com_tr.png,vkf-renzel.com.tr,184
webster_nl.png,webster.nl,185
williamblairfunds_com.png,williamblairfunds.com,186
worldvision_bo.jpg,worldvision.bo,187
worldvision_org_nz.png,worldvision.org.nz,187
wuerth_com_hr.ico,wuerth.com.hr,188
wurth_com_uy.png,wurth.com.uy,188
wurth-international_com.png,wurth-international.com,189
wurthsaudi_com.png,wurthsaudi.com,189
wurth_co.png,wurth.co,189
wwf_no.ico,wwf.no,190
ymca-cnw_org.png,ymca-cnw.org,191
yonyou_com_hk.png,yonyou.com.hk,192
