domain,base_url,logo_url,status,error,html_length
stanbicbank.co.zw,https://www.stanbicbank.co.zw/zimbabwe/personal,https://www.stanbicbank.co.zw/static_file/assets/favicons/favicon.ico,success,,295726.0
astrazeneca.ua,https://www.astrazeneca.ua/,https://www.astrazeneca.ua/etc/designs/az/img/favicons/icon-favicon.ico,success,,45862.0
autosecuritas-ct-seysses.fr,https://www.autosecuritas-ct-seysses.fr/public/,https://www.autosecuritas-ct-seysses.fr/public/img/showcase/favicons/apple-touch-icon.png,success,,59795.0
ovb.ro,https://www.ovb.ro/,https://www.ovb.ro/_assets/591954c268d6a7d5bf39e8f45d857458/img/icons/facebook.svg,success,,87246.0
mazda-autohaus-hellwig-hoyerswerda.de,https://www.mazda-autohaus-hellwig-hoyerswerda.de/,https://www.assets.mazda-autohaus.de/assets/img/favicons/apple-icon.png,success,,66396.0
toyota-buchreiter-eisenstadt.at,https://www.toyota-buchreiter-eisenstadt.at/,https://www.toyota-buchreiter-eisenstadt.at/fav/apple-touch-icon.png,success,,43907.0
ebay.cn,https://www.ebay.cn/,https://www.ebay.cn/favicon.ico,success,,55942.0
greatplacetowork.com.bo,https://www.greatplacetowork.com.bo/,https://www.greatplacetowork.com.bo/hubfs/favicon-32x32.png,success,,148599.0
wurth-international.com,https://www.wurth-international.com/,https://www.wurth-international.com/system/layout_wl2bootstrap/bootstrap_system_images/touchicons/touchicon_wuerth_res_wl2_touch_16.png,success,,79448.0
plameco-hannover.de,https://www.plameco-hannover.de/,https://www.plameco-hannover.de/domains/plameco-hannover.de/media/DE_Plameco_Logo.png,success,,148764.0
kia-moeller-wunstorf.de,https://www.kia-moeller-wunstorf.de/,https://www.kia-moeller-wunstorf.de/etc.clientlibs/settings/wcm/designs/eut/clientlib/resources/rbr/rbr-fav.ico,success,,160532.0
ccusa.co.nz,https://ccusa.co.nz/,https://ccusa.co.nz/wp-content/uploads/2023/02/elementor/thumbs/favicon_noGlobeRound-qajrjo512ai2oh7ixchhx7bnlqb2o6o9g5aqgvfk38.png,success,,124719.0
tupperware.at,,,fail,,
zalando.cz,,,fail,,
crocs.com.uy,https://www.crocs.com.uy/,https://f.fcdn.app/assets/commerce/www.crocs.com.uy/8656_f748/public/web/favicon.ico,success,,147990.0
ymcasteuben.org,https://www.ymcasteuben.org/,https://reclique-core-steuben.s3.amazonaws.com/wp-content/uploads/2021/08/31114053/cropped-y_logo_y-32x32.png,success,,52266.0
engie.co.uk,https://www.engie.co.uk/,https://www.engie.co.uk/wp-content/uploads/2025/01/cropped-Royal-Highness-King-Charles-III-on-9-May-1984-2-32x32.png,success,,104869.0
ibc-solar.jp,https://www.ibc-solar.jp/,https://www.ibc-solar.jp/config/Resources/favicons/apple-touch-icon.png,success,,16104.0
lidl.com.cy,https://www.lidl.com.cy/,https://www.lidl.com.cy/cdn/assets/logos/1.0.1/lidl-logo-shop-cdn.svg,success,,464223.0
nobleprog.mx,https://www.nobleprog.mx/,https://www.nobleprog.mx/favicon.png,success,,87048.0
freseniusmedicalcare.ca,https://www.freseniusmedicalcare.ca/,https://www.freseniusmedicalcare.ca/assets/images/favicon/apple-touch-icon-57x57.png,success,,73384.0
synlab.com.tr,https://www.synlab.com.tr/,https://www.synlab.com.tr/templates/synlab/favicon.ico,success,,40527.0
avis.cr,https://avis.cr/,https://avis.cr/favico.ico,success,,174310.0
ebayglobalshipping.com,https://www.ebayglobalshipping.com/,https://www.ebayglobalshipping.com/themes/custom/custom_barrio/app/images/favicon.ico,success,,17649.0
cafelasmargaritas.es,https://cafelasmargaritas.es/,https://cafelasmargaritas.es/wp-content/uploads/2023/12/cropped-ico-32x32.avif,success,,279079.0
affidea.ba,https://affidea.ba/,https://affidea.ba/wp-content/themes/affidea/assets/img/favicon.png,success,,168528.0
bakertilly.lu,https://www.bakertilly.lu/,https://www.bakertilly.lu/apple-touch-icon.png,success,,90249.0
spitex-wasseramt.ch,https://www.spitex-wasseramt.ch/,https://www.spitex-wasseramt.ch/img/spitex2014/default/favicon.ico,success,,30554.0
aamcoanaheim.net,https://www.aamcoanaheim.net/,https://www.aamcoanaheim.net/images/IconAAMCOnew.ico,success,,40607.0
deheus.com.vn,https://www.deheus.com.vn/,https://www.deheus.com.vn/Assets/favicons/apple-touch-icon.png,success,,217264.0
veolia.com.ru,https://www.veolia.com.ru/ru,https://www.veolia.com.ru/themes/custom/veo_site/src/assets/icons/favicon.ico,success,,85115.0
julis-sh.de,https://julis-sh.de/,https://julis-sh.de/wp-content/uploads/2022/06/220605_Julia_Favicon_148-150x150.png,success,,137768.0
aamcoconyersga.com,https://www.aamcoconyersga.com/,https://www.aamcoconyersga.com/images/IconAAMCOnew.ico,success,,43165.0
renault-tortosa.es,https://www.renault-tortosa.es/,https://www.renault-tortosa.es/img_src/renault-logo-2023.svg,success,,70438.0
oil-testing.de,https://oil-testing.de/,https://oil-testing.de/wp-content/uploads/2021/07/cropped-BV_Logo_Grey_Pantone_404-removebg-preview-1-e1625230190692-32x32.png,success,,138100.0
baywa-re.es,https://www.baywa-re.es/en/,https://www.baywa-re.es/typo3conf/ext/gg_base/Resources/Public/country/dist/img/favicons/favicon.ico,success,,120555.0
menschenfuermenschen.at,https://www.menschenfuermenschen.at/,https://www.menschenfuermenschen.at/favicon-96x96.png,success,,212892.0
europa-union-sachsen-anhalt.de,https://www.europa-union-sachsen-anhalt.de/,https://www.europa-union-sachsen-anhalt.de/typo3conf/ext/skeud/Resources/Public/Icons/eud.ico,success,,104652.0
wurthsaudi.com,https://wurthsaudi.com/,https://wurthsaudi.com/assets/img/favicon1.png,success,,27946.0
pirtek.be,https://www.pirtek.be/,https://www.pirtek.be/wp-content/uploads/2021/03/PIR_rgb_favicon-32.png,success,,141807.0
aamcoseguin.com,https://www.aamcoseguin.com/,https://www.aamcoseguin.com/wp-content/uploads/2018/11/cropped-AAMCO_favicon-192x192.png ,success,,124132.0
bakertilly.es,https://www.bakertilly.es/,https://www.bakertilly.es/apple-touch-icon.png,success,,114561.0
mazda-autohaus-kaschmieder-waren.de,https://www.mazda-autohaus-kaschmieder-waren.de/,https://www.assets.mazda-autohaus.de/assets/img/favicons/apple-icon.png,success,,60727.0
zkteco.vn,https://www.zkteco.vn/,https://new-website-file.s3.ap-southeast-1.amazonaws.com/images/20211210/180197e5dfdfeee4e74ac04365df3b65.png,success,,143154.0
allianz.nl,https://www.allianz.nl/zakelijk.html,https://www.allianz.nl/content/dam/onemarketing/system/favicon/AZ_Logo_eagle.png/_jcr_content/renditions/cq5dam.web.180.180.png,success,,149071.0
xella-colloquium.berlin,,,fail,,
unicharm.com.br,https://www.unicharm.com.br/pt/home.html,https://www.unicharm.com.br/content/dam/sites/www_unicharm_com_br/images/common/favicon.png,success,,25276.0
berlitz-augsburg.de,https://www.berlitz-augsburg.de/,https://www.berlitz-augsburg.de/favicon-32x32.png?v=a9801145592d60e986594599316ccd3b,success,,196652.0
intertongn.es,https://intertongn.es/,https://intertongn.es/wp-content/uploads/2019/07/cropped-interton-favicom-100x100.jpg,success,,173204.0
bmw-motorrad-euromotos-lyon.fr,https://bmw-motorrad-euromotos-lyon.fr/,https://bmw-motorrad-euromotos-lyon.fr/img/favicon.ico?1669278719,success,,42500.0
rsmpoland.pl,https://www.rsmpoland.pl/,https://www.rsmpoland.pl/themes/custom/rsm_poland/images/favicons/favicon.ico,success,,157547.0
esseskincare.sg,https://esseskincare.sg/,https://esseskincare.sg/wp-content/uploads/2024/09/esse_logo_darker2.png,success,,143580.0
secureparkinghi.com,https://www.secureparkinghi.com/,https://www.secureparkinghi.com/wp-content/uploads/2021/10/Favicon.png,success,,73056.0
trinkgutlippstadt.de,https://trinkgutlippstadt.de/,https://trinkgutgeilenkirchen.de/wp-content/uploads/2014/02/favicon.png,success,,87108.0
bauder.lt,https://www.bauder.lt/lt/bauder-lithuania.html,https://www.bauder.lt/fileadmin/bilder/allgemein/icons/bauder_ipad_icon.png,success,,43777.0
savethechildren.ca,https://www.savethechildren.ca/,https://www.savethechildren.ca/wp-content/themes/stc/images/favicon.png,success,,111304.0
mazda-autohaus-lackmann-sendenhorst.de,https://www.mazda-autohaus-lackmann-sendenhorst.de/,https://www.assets.mazda-autohaus.de/assets/img/favicons/apple-icon.png,success,,65937.0
avoncameroun.com,,,fail,,
menicon.de,https://www.menicon.de/,https://www.menicon.de/favicon.ico,success,,65055.0
linde-gas.fi,https://www.linde-gas.fi/shop/fi/fi-ig/home,https://static.prd.echannel.linde.com/wcsstore/EE_REN_Industrial_Gas_Store/images/Linde_plc_UTG_logo_1_CMYK_IsoCV2.png,success,,586579.0
mateco.nl,https://www.mateco.nl/nl/start-een-huurverzoek/,https://www.mateco.nl/fileadmin/shared/img/favicon.ico,success,,65311.0
svnefird.com,https://svnefird.com/,https://svnefird.com/wp-content/uploads/2024/01/cropped-SVN-Efird-Favicon-32x32.png,success,,618929.0
svntrinity.com,https://svntrinity.com/,https://svntrinity.com/wp-content/uploads/2019/06/svnicon.png,success,,96379.0
orient-food.sk,https://www.orient-food.sk/,https://www.orient-food.sk/favicon.ico,success,,338649.0
noiseassessments.org,https://noiseassessments.co.uk/,"https://img1.wsimg.com/isteam/ip/51529fc3-9fb4-4db5-a99a-5b6ff8ed3034/favicon/6d366f56-a5b7-4746-bd9d-5be2830f79f3.jpeg/:/rs=w:16,h:16,m",success,,337065.0
equans.hu,https://equans.hu/hu/,https://equans.hu/wp-content/uploads/cropped-favicon-32x32.png,success,,142256.0
williamblairfunds.com,https://www.williamblairfunds.com/,https://www.williamblairfunds.com/SiteFiles/live/images/icons/cropped-android-chrome-512x512-32x32.png,success,,34810.0
mazdaofamarillo.com,,,fail,,
mazda-autohaus-roessel-birkenau.de,https://www.mazda-autohaus-roessel-birkenau.de/,https://www.assets.mazda-autohaus.de/assets/img/favicons/apple-icon.png,success,,64510.0
aamcodelran.com,https://www.aamcodelran.com/,https://www.aamcodelran.com/images/IconAAMCOnew.ico,success,,44471.0
mazda-poznan-voyager.pl,https://www.mazda-poznan-voyager.pl/,https://www.mazda-poznan-voyager.pl/Themes/templateTheme/images/favicon/apple-touch-icon.png,success,,113090.0
kapanfastigheter.se,https://kapanfastigheter.se/,https://kapanfastigheter.se/wp-content/uploads/2023/06/cropped-favicon.png,success,,79734.0
mazda-autohaus-wassing-ahaus-wuellen.de,https://www.mazda-autohaus-wassing-ahaus-wuellen.de/,https://www.assets.mazda-autohaus.de/assets/img/favicons/apple-icon.png,success,,62012.0
rheine.schule,https://rheine.schule/,https://rheine.schule/wp-content/uploads/2017/07/cropped-Logo-Stadt-Rheine-Leben-an-der-Ems-in-Farbe-32x32.jpg,success,,8188.0
ford.pl.ua,https://ford.pl.ua/,https://ford.pl.ua/build/website/img/ford_logo.e264b95b.svg,success,,222837.0
bioderma.co.za,https://www.bioderma.co.za/,https://www.bioderma.co.za/themes/custom/bioderma_theme/favicon.ico,success,,283470.0
linexps.com,https://www.linexps.com/,https://images.squarespace-cdn.com/content/v1/5fd92ad7ab943321efbb1f5f/1608229260341-1MIHZY9GERKI3I7RC8AR/favicon.ico?format=100w,success,,83497.0
kalyanmachines.com,https://www.kalyanmachines.com/,https://www.kalyanmachines.com/wp-content/uploads/2024/01/cropped-Artboard-1-32x32.png,success,,644818.0
kia-suedmobile-radolfzell.de,https://www.kia-suedmobile-radolfzell.de/,https://www.kia-suedmobile-radolfzell.de/etc.clientlibs/settings/wcm/designs/eut/clientlib/resources/rbr/rbr-fav.ico,success,,158842.0
worldvision.ca,,,fail,,
linde-gas.at,https://www.linde-gas.at/shop/de/at-ig/home,https://static.prd.echannel.linde.com/wcsstore/AT_REC_Industrial_Gas_Store/images/logo/linde_gas_logo.png,success,,583104.0
renaultsanzhispano.es,https://renaultsanzhispano.es/,https://renaultsanzhispano.es/wp-content/uploads/2024/05/cropped-favicon-32x32.png,success,,272930.0
avia.ch,https://www.avia.ch/,https://www.avia.ch/apple-touch-icon-57x57.png,success,,28963.0
cdviberica.com,https://www.cdviberica.com/es/,https://www.cdviberica.com/wp-content/uploads/sites/11/2021/12/cropped-CDVI_Logo_Icon_Blue-300x300.png,success,,210912.0
adecco.cl,https://www.adecco.com/es-cl,https://www.adecco.com/-/jssmedia/project/adecco/global/favicon.png,success,,252323.0
wurth.co,https://www.wurth.co/,https://www.wurth.co/favicon.png,success,,3100.0
nestle.com.vn,https://www.nestle.com.vn/vi,https://www.nestle.com.vn/themes/custom/da_vinci_code/images/favicons/favicon.ico,success,,395997.0
daikin.ge,https://www.daikin.ge/en_GE/home.html,https://www.daikin.ge/etc.clientlibs/daikin/clientlibs/clientlib-internet-site/resources/images/app-icon/apple-touch-icon.png,success,,87901.0
ibc-solar.pl,https://www.ibc-solar.pl/,https://www.ibc-solar.pl/config/Resources/favicons/apple-touch-icon.png,success,,36656.0
toyotanatas.com.tr,https://www.toyotanatas.com.tr/,https://www.toyotanatas.com.tr/Assets/img/apple-touch-icon.png,success,,195160.0
mazda-autohaus-henseler-schwedt.de,https://www.mazda-autohaus-henseler-schwedt.de/,https://www.assets.mazda-autohaus.de/assets/img/favicons/apple-icon.png,success,,60496.0
aamcobloomfield.com,https://www.aamcobloomfield.com/,https://www.aamcobloomfield.com/images/IconAAMCOnew.ico,success,,44100.0
zalando.dk,,,fail,,
mazda.de,https://www.mazda.de/,https://www.mazda.de/favicon-48x48.png,success,,451841.0
crocs.co.id,https://www.crocs.co.id/,https://www.crocs.co.id/media/favicon/stores/1/CROCS_ICON_1_.png,success,,321463.0
daikinkuwait.com,https://www.daikinkuwait.com/en_us/customers.html,https://www.daikinkuwait.com/etc.clientlibs/daikin/clientlibs/clientlib-internet-site/resources/images/app-icon/apple-touch-icon.png,success,,126965.0
bbraun.rs,https://www.bbraun.rs/sr.html,https://www.bbraun.rs/etc.clientlibs/settings/wcm/designs/clientlibs/bbraun/bbraun.static/resources/img/favicon.ico,success,,45335.0
daikin.com.sg,https://www.daikin.com.sg/,https://www.daikin.com.sg/apple-icon.png,success,,125681.0
aamcosalemor.com,https://www.aamcosalemor.com/,https://www.aamcosalemor.com/images/IconAAMCOnew.ico,success,,42581.0
spitex-regionbirs.ch,https://www.spitex-regionbirs.ch/,https://www.spitex-regionbirs.ch/img/spitex2022/default/favicon.ico,success,,23813.0
mazda-autohaus-hansmann-kassel.de,https://www.mazda-autohaus-hansmann-kassel.de/,https://www.assets.mazda-autohaus.de/assets/img/favicons/apple-icon.png,success,,68521.0
einhell.ba,https://www.einhell.ba/,https://www.einhell.ba/_assets/369fecbaddba51f6af024f761a766400/Assets/favicons/favicon.png,success,,126220.0
linexofschererville.com,https://www.linex.com/find-a-location,https://www.linex.com/favicon.ico,success,,59912.0
webster.nl,https://www.webster.nl/,https://templates2020.webster.edu/_resources/images/favicons/apple-icon-57x57.png,success,,68184.0
flashbay.ca,https://www.flashbay.ca/,https://static.flashbay.ca/templates/images/favicon.ico,success,,542711.0
pingusenglish.com.tr,,,fail,,
compo.de,https://www.compo.de/,https://www.compo.de/dam/jcr:c912f64c-ed6f-4eb6-b5ef-b328cf2adcfa/apple-touch-icon-114x114.png,success,,414271.0
aamcowilliamsportpa.com,https://www.aamcowilliamsportpa.com/,https://www.aamcowilliamsportpa.com/images/IconAAMCOnew.ico,success,,44110.0
pkf-hk.com,https://www.pkf-hk.com/,https://www.pkf-hk.com/favicon.ico,success,,29997.0
linde-electronics.com,https://www.linde-electronics.com/shop/de/de-le/home,https://static.prd.echannel.linde.com/wcsstore/DE_REC_Industrial_Gas_Store/images/logo/linde_gas_logo.png,success,,367881.0
besins-healthcare.se,https://www.besins-healthcare.se/,https://www.besins-healthcare.se/favicon.png,success,,52089.0
subaru.jp,https://www.subaru.jp/,https://www.subaru.jp/apple-touch-icon.png,success,,53041.0
renaultmerida.com.mx,,,fail,,
cvjm-pfalz.de,https://www.cvjm-pfalz.de/,https://www.cvjm-pfalz.de/favicon.ico,success,,23887.0
medef-alsace.com,,,fail,,
allianz-kuhlemann.de,https://vertretung.allianz.de/kuhlemann.vertretung/,https://vertretung.allianz.de/content/dam/onemarketing/system/allianz-eagle.svg/_jcr_content/renditions/cq5dam.thumbnail.48.48.png,success,,563491.0
tbwa.co.za,https://www.tbwa.co.za/,https://www.tbwa.co.za/apple-icon-57x57.png,success,,17157.0
veolia.fr,https://www.veolia.fr/,https://www.veolia.fr/themes/custom/veo_site/src/assets/icons/favicon.ico,success,,283195.0
engie.pt,https://www.engie.pt/,https://www.engie.pt/favicon.ico,success,,29077.0
subaru.nc,https://subaru.nc/,https://subaru.nc/favicon.ico?20250331184609,success,,40090.0
peugeot.sk,https://www.peugeot.sk/,https://www.peugeot.sk/etc/designs/peugeot/favicon.ico,success,,235009.0
siebtechnik-tema.cn,https://www.siebtechnik-tema.cn/,https://www.siebtechnik-tema.cn/wp-content/themes/tema/assets/images/favicon.ico,success,,107067.0
santillana.com.hn,https://www.santillana.com.hn/,https://www.santillana.com.hn/wp-content/uploads/sites/16/2024/10/cropped-1538077230_original-150x150.webp,success,,169185.0
intersport-rent.fr,,,fail,,
mazdabali.co.id,https://mazdabali.co.id/,https://mazdabali.co.id/wp-content/uploads/2021/09/icon-150x150.png,success,,209774.0
rsmthailand.com,https://www.rsm.global/thailand,https://res.cloudinary.com/rsmglobal/image/fetch/t_default/f_auto/q_auto/https://www.rsm.global/thailand/profiles/rsm_global_platform/themes/rsm_global_platform_2022/images/favicons/favicon-32x32.png,success,,87696.0
spitex-wiggertal.ch,https://www.spitex-wiggertal.ch/,https://www.spitex-wiggertal.ch/img/spitex2022/default/favicon.ico,success,,38672.0
aamcocatonsvillemd.com,https://www.aamcocatonsvillemd.com/,https://www.aamcocatonsvillemd.com/images/IconAAMCOnew.ico,success,,43289.0
strabag-pfs.com,https://www.strabag-pfs.com/,https://www.strabag-pfs.com/site/strabag-company-locale/resourceCached/95/components/favicon/strabag-pfs/xapple-touch-icon.png.pagespeed.ic.HHaNst48Gb.png,success,,65875.0
autosecuritas-barlin.fr,https://www.autosecuritas-barlin.fr/public/,https://www.autosecuritas-barlin.fr/public/img/showcase/favicons/apple-touch-icon.png,success,,98835.0
aamco-councilbluffs.com,https://www.aamco-councilbluffs.com/,https://www.aamco-councilbluffs.com/wp-content/uploads/2018/11/cropped-AAMCO_favicon-192x192.png ,success,,136293.0
meggle-bakery.com,https://www.meggle-bakery.com/,https://cdn.meggle.com/app/themes/meggle/public/images/clover-icon-32.512bfc.png,success,,160428.0
nutriciababy.be,https://www.nutriciababy.be/,https://www.nutriciababy.be/content/dam/sn/local/bnl/consumer/sitecore-assets-migrated/nvj-favicon.ico,success,,75752.0
pcllawyersfrankston.com.au,https://www.pcllawyersfrankston.com.au/,https://www.pcllawyersfrankston.com.au/wp-content/uploads/2022/08/favicon.ico,success,,98580.0
adra.org.pe,https://adra.org.pe/,https://adra.org.pe/wp-content/uploads/2022/03/adra-fav-150x150.png,success,,250182.0
nestle.ch,https://www.nestle.ch/de,https://www.nestle.ch/themes/custom/da_vinci_code/images/favicons/favicon.ico,success,,323451.0
mazda-autohaus-sturne-rochlitz.de,https://www.mazda-autohaus-sturne-rochlitz.de/,https://www.assets.mazda-autohaus.de/assets/img/favicons/apple-icon.png,success,,61678.0
inductotherm.co.kr,https://inductotherm.co.kr/,https://inductotherm.co.kr/wp-content/uploads/sites/38/2019/06/cropped-inductotherm-icon-1-32x32.png,success,,106072.0
renault.dk,https://www.renault.dk/,https://www.renault.dk/-/jssmedia/Project/Hedin/Navigo/Renault/RenaultDkSite/favicon.ico,success,,139497.0
wurth.com.uy,https://eshop.wurth.com.uy/es/UY/UYU/,https://www.wuerth.de/web/media/system/layout/images/apple_touch_icons/white/red-apple-touch-icon_res_wl2_touch_16.png,success,,162994.0
renaultchiva.com,https://www.renaultchiva.com/,https://www.renaultchiva.com/img_src/renault-logo-2023.svg,success,,67751.0
culliganwi.com,https://www.culliganwi.com/,https://www.culliganwi.com/images/favicons/favicon.ico,success,,211250.0
mazda-autohaus-blank-dinkelsbuehl.de,https://www.mazda-autohaus-blank-dinkelsbuehl.de/,https://www.assets.mazda-autohaus.de/assets/img/favicons/apple-icon.png,success,,59382.0
veolia.ca,https://www.veolia.ca/en,https://www.veolia.ca/themes/custom/veo_site/src/assets/icons/favicon.ico,success,,82345.0
vitalimages.com,https://www.mi.medical.canon/,https://www.mi.medical.canon/favicon.ico,success,,91838.0
amnesty.is,https://amnesty.is/,https://amnesty.is/favicons/apple-touch-icon.png,success,,113661.0
meggle.co.jp,https://www.meggle.co.jp/,https://cdn.meggle.com/app/themes/meggle/public/images/clover-icon-32.512bfc.png,success,,200684.0
engie.cl,https://www.engie.cl/,https://www.engie.cl/wp-content/uploads/2022/07/cropped-cropped-engie-ico-300x300-1-32x32.png,success,,83579.0
linde-finance.com,https://www.linde-finance.com/,https://assets.linde.com/-/media/shared/favicon/apple-touch-icon-64x64.png?r=9626e16d64,success,,472105.0
linde.pe,https://www.linde.pe/,https://assets.linde.com/-/media/shared/favicon/apple-touch-icon-64x64.png,success,,487607.0
narscosmetics.es,https://www.narscosmetics.es/es,https://www.narscosmetics.es/fstrz/r/s/www.narscosmetics.es/on/demandware.static/Sites-nars_es-Site/-/default/dw9554f849/images/favicon.ico?frz-v=1039,success,,186442.0
brother.com.pe,https://www.brother.com.pe/,https://www.brother.com.pe/-/media/project/neptune/peru/icons/logo-white.svg?la=es-PE&hash=FE29FE0EC599A4B87DB973E72E3FA63C,success,,66600.0
renaultrycauto.es,https://www.renaultrycauto.es/,https://www.renaultrycauto.es/img_src/renault-logo-2023.svg,success,,64869.0
kia-gorny-eislingen.de,https://www.kia-gorny-eislingen.de/,https://www.kia-gorny-eislingen.de/etc.clientlibs/settings/wcm/designs/eut/clientlib/resources/rbr/rbr-fav.ico,success,,158796.0
ikea.com.hk,https://www.ikea.com.hk/zh,https://www.ikea.com.hk/webroot/img/favicon_16px.png,success,,1702493.0
mazda-autohaus-becker-homburg-bruchhof.de,https://www.mazda-autohaus-becker-homburg-bruchhof.de/,https://www.assets.mazda-autohaus.de/assets/img/favicons/apple-icon.png,success,,60727.0
catsprotectionshop.co.uk,https://www.catsprotectionshop.co.uk/,https://www.catsprotectionshop.co.uk/Favicon.ico,success,,23444.0
culliganheartland.com,https://www.culliganheartland.com/,https://www.culliganheartland.com/images/favicons/favicon.ico,success,,217265.0
wurth-international.com.cn,https://www.wurth-international.com.cn/en/w_int/company/index/start_page.php,https://www.wurth-international.com.cn/media/system/layout_wl2bootstrap/bootstrap_system_images/touchicons/touchicon_wuerth_res_wl2_touch_16.png,success,,83583.0
medef-artois.fr,https://www.medef-artois.fr/fr/,https://www.medef-artois.fr/favicon.png,success,,48029.0
sephora.pl,,,fail,,
daikin-ksa.com,https://www.daikin-ksa.com/ar_sa/customers.html,https://www.daikin-ksa.com/etc.clientlibs/daikin/clientlibs/clientlib-internet-site/resources/images/app-icon/apple-touch-icon.png,success,,114431.0
sherwin-williams.com.ec,https://www.sherwin-williams.com.ec/,https://www.sherwin-williams.com.ec/wp-content/themes/sherwinwilliams/favicon.ico,success,,45335.0
culligantotalwater.com,https://www.culligantotalwater.com/,https://www.culligantotalwater.com/images/favicons/favicon.ico,success,,220105.0
ecslupsk.pl,https://ecslupsk.pl/,https://ecslupsk.pl/img/favicon.png,success,,26368.0
kierpensions.co.uk,https://kierpensions.co.uk/,https://kierpensions.co.uk/wp-content/uploads/2023/09/Kier-Favicon.png,success,,127238.0
bakertilly.ci,https://www.bakertilly.ci/,https://www.bakertilly.ci/apple-touch-icon.png,success,,92782.0
allianz-rose.info,https://vertretung.allianz.de/ulrich.rose/,https://vertretung.allianz.de/content/dam/onemarketing/system/allianz-eagle.svg/_jcr_content/renditions/cq5dam.thumbnail.48.48.png,success,,524289.0
linak.nl,,,fail,,
taylorfarmsdeli.com,https://taylorfarmsdeli.com/,https://taylorfarmsdeli.com/apple-touch-icon-57x57.png,success,,30826.0
actemium.ch,https://www.actemium.ch/,https://www.actemium.ch/app/themes/actemium/resources/assets/images/favicons/apple-touch-icon.png,success,,1014842.0
bakertilly.ky,https://www.bakertilly.ky/,https://www.bakertilly.ky/apple-touch-icon.png,success,,51618.0
chip.pl,https://www.chip.pl/,https://www.chip.pl/favicons/apple-touch-icon.png?v=02,success,,367837.0
grantthornton.com.sv,https://www.grantthornton.com.sv/,https://www.grantthornton.com.sv/dist/images/grantthornton_logo-57x57.png,success,,492456.0
bakertilly.com.pa,https://www.bakertilly.com.pa/es/,https://www.bakertilly.com.pa/hubfs/sticky-logo.svg,success,,151438.0
vkf-renzel.com.tr,https://www.vkf-renzel.com.tr/,https://www.vkf-renzel.com.tr/out/ra-theme/img/favicons/apple-touch-icon.png,success,,174642.0
fleishmanhillard.cn,https://fleishmanhillard.cn/,https://fleishmanhillard.cn/wp-content/themes/fleishmanhillard-sites/images/fh-mark.png,success,,45209.0
isover.hu,https://www.isover.hu/,https://www.isover.hu/sites/mac3.isover.hu/files/Favicon%20isover%20%20new%20%281%29.png,success,,183298.0
bauder.at,https://www.bauder.at/at/bauder-oesterreich.html,https://www.bauder.at/fileadmin/bilder/allgemein/icons/bauder_ipad_icon.png,success,,128499.0
renaulttersa.com.mx,https://renaulttersa.com.mx/,https://renaulttersa.com.mx/wp-content/uploads/2023/06/favicon-renault-min-150x150.png,success,,67595.0
zktecoma.com,https://zktecoma.com/,https://zktecoma.com/wp-content/uploads/2021/01/cropped-favicon-32x32-1-32x32.png,success,,272254.0
aamcotulsa-memorial.com,https://www.aamcotulsa-memorial.com/,https://www.aamcotulsa-memorial.com/images/IconAAMCOnew.ico,success,,43912.0
azets.ie,https://www.azets.ie/,https://www.azets.ie/favicon.ico,success,,121536.0
lidl.lt,https://www.lidl.lt/,https://www.lidl.lt/cdn/assets/logos/1.0.1/lidl-logo-shop-cdn.svg,success,,519452.0
mooresingapore.com,https://www.mooresingapore.com/,https://www.mooresingapore.com/App_Themes/Default/Images/favicon.ico,success,,49747.0
urmet.com.br,https://www.urmet.com.br/,https://urmet.com.br/uploads/smoke-detector--1-.png,success,,375617.0
ccusa.com.au,https://ccusa.com.au/,https://ccusa.com.au/wp-content/uploads/2023/02/elementor/thumbs/favicon_noGlobeRound-qajrjo512ai2oh7ixchhx7bnlqb2o6o9g5aqgvfk38.png,success,,125675.0
toysrus.com.sg,https://www.toysrus.com.sg/,https://www.toysrus.com.sg/on/demandware.static/Sites-ToysRUs_SG-Site/-/default/dwd36f3281/images/favicon/favicon-tru-16.png,success,,194939.0
aamcopasadenatx.com,https://www.aamcopasadenatx.com/,https://www.aamcopasadenatx.com/images/IconAAMCOnew.ico,success,,42258.0
manpowergroup.no,https://www.manpowergroup.no/,https://www.manpowergroup.no/hubfs/ManpowerGroup%20favicon.png,success,,76679.0
mapfre.pr,https://www.mapfre.pr/,https://www.mapfre.pr/media/favicon.png,success,,158714.0
medef-bearnetsoule.com,https://www.medef-bearnetsoule.com/fr/,https://www.medef-bearnetsoule.com/favicon.png,success,,26444.0
moore.swiss,https://moore.swiss/,https://moore.swiss/wp-content/themes/moore/img/icons/favicon.png,success,,35327.0
ccusa.hu,https://ccusa.hu/hu/,https://ccusa.hu/wp-content/uploads/2023/02/elementor/thumbs/favicon_noGlobeRound-qajrjo512ai2oh7ixchhx7bnlqb2o6o9g5aqgvfk38.png,success,,136391.0
modshair-nuernberg.de,https://www.modshair-nuernberg.de/,https://www.modshair-nuernberg.de/wp-content/uploads/2023/02/64.png,success,,541055.0
cdu-aldenhoven.de,https://www.cdu-aldenhoven.de/,https://www.cdu-kreis-dueren.de/apple-touch-icon.png,success,,14113.0
axabreakdown.co.uk,https://www.axabreakdown.co.uk/,https://www.axabreakdown.co.uk/assets/images/favicon.ico,success,,19699.0
crif.pl,https://www.crif.pl/,https://www.crif.pl/assets/images/favicon.ico,success,,80133.0
mazda-autohaus-sturne-grimma.de,https://www.mazda-autohaus-sturne-grimma.de/,https://www.assets.mazda-autohaus.de/assets/img/favicons/apple-icon.png,success,,65721.0
panpuri.fr,https://panpuri.fr/,https://panpuri.fr/wp-content/themes/panpuri/assets/img/favicon/favicon.ico,success,,269121.0
despec.eu,https://www.despec.eu/homepage,https://www.despec.eu/images/despec-logo-white-systeam.svg,success,,131713.0
savethechildren.mx,https://savethechildren.mx/,https://savethechildren.mx/wp-content/uploads/2024/07/cropped-icono-32x32.png,success,,89887.0
chicco.pl,,,fail,,
mazda-autohaus-fenzl-hauzenberg.de,https://www.mazda-autohaus-fenzl-hauzenberg.de/,https://www.assets.mazda-autohaus.de/assets/img/favicons/apple-icon.png,success,,57686.0
algordanza.com.au,https://www.algordanza.com.au/,https://www.algordanza.com.au/wp-content/uploads/2019/09/cropped-favicon-32x32.png,success,,414252.0
honda-pirola.com,https://www.honda-pirola.com/,https://www.honda-pirola.com/images/favicons/favicon.ico,success,,813818.0
rotaryclubofessex.com,https://rotaryclubofessex.com/?doing_wp_cron=1743446976.5659589767456054687500,https://rotaryclubofessex.com/wp-content/uploads/2015/12/cropped-Rotary_icon-32x32.png,success,,41976.0
carglass.rs,https://carglass.rs/,https://carglass.rs/fav/apple-touch-icon.png,success,,47526.0
nutricia.nl,https://www.nutricia.nl/,https://www.nutricia.nl/content/dam/sn/local/bnl/sn-hcp/website-assets/nutricia_favicon.ico,success,,111930.0
toofacedcosmetics.jp,https://www.toofacedcosmetics.jp/,https://www.toofacedcosmetics.jp/media/export/cms/site_down/favicon.ico,success,,31245.0
linexaus.com.au,https://www.linexaus.com.au/,https://www.linexaus.com.au/wp-content/uploads/2020/05/cropped-Favicon-32x32.png,success,,197654.0
seasonsrehab.in,https://seasonsrehab.in/,https://seasonsrehab.in/wp-content/uploads/2024/12/cropped-Favicon-Seasons-Rehab-2-32x32.png,success,,180273.0
berlitz-dublin.ie,https://berlitz-dublin.ie/,https://berlitz-dublin.ie/wp-content/uploads/2024/10/gen.jpg,success,,178651.0
julis-nuernberg.de,https://www.julis-nuernberg.de/,https://julis-mfr.de/wp-content/themes/julis-mfr-website-changes/favicons/apple-icon-57x57.png,success,,110599.0
linak.com.br,,,fail,,
wurth.fi,https://www.wurth.fi/,https://www.wurth.fi/media/system/layout_wl2bootstrap/bootstrap_system_images/touchicons/touchicon_wuerth_res_wl2_touch_16.png,success,,153785.0
daikincareers.com,https://daikincareers.com/,https://static.talentnetwork.vn/talentnetwork/source/favicon_daikin.ico?t=1,success,,48223.0
pkf.co.in,https://www.pkf.co.in/,https://www.pkf.co.in/wp-content/uploads/2024/10/favicon-colour.png,success,,377233.0
worldvision.bo,https://www.worldvision.bo/,https://www.worldvision.bo/hubfs/Wolrd%20Vision%20Logo.jpg,success,,103878.0
affidea.pt,https://affidea.pt/,https://affidea.pt/wp-content/themes/affidea/assets/img/favicon.png,success,,648321.0
daikintexastechnologypark.com,https://www.daikintexastechnologypark.com/,https://daikintexastechnologypark.com/files/2019-09/favicon.png,success,,11704.0
daikin-china.com.cn,https://www.daikin-china.com.cn/,https://www.daikin-china.com.cn/logo.png,success,,266556.0
rubiomonocoat.com.au,https://rubiomonocoat.com.au/,https://rubiomonocoat.com.au/wp-content/uploads/2020/05/rubio-monocoat-favicon_de0ddd67-d029-4480-ba30-29b767a7c012_180x180.png,success,,153229.0
mitsubishi-motors.com.om,https://www.mitsubishi-motors.com.om/en?rd=true,https://www.mitsubishi-motors.com.om/content/dam/mitsubishi-motors/images/logos/nav-logo-light.svg,success,,630509.0
mazda-autohaus-tabbouch-speyer.de,https://www.mazda-autohaus-tabbouch-speyer.de/,https://www.assets.mazda-autohaus.de/assets/img/favicons/apple-icon.png,success,,61571.0
kumonla.com,https://www.kumonla.com/,https://www.kumonla.com/favicon.ico,success,,10754.0
infiniti-bahrain.com,https://www.infiniti-bahrain.com/,https://libs-europe.infiniti-cdn.net/etc/designs/infiniti_next_v4/25.03.30.NISSAN-22/common-assets/img/favicon/favicon.png,success,,457859.0
ford.vn.ua,https://ford.vn.ua/,https://ford.vn.ua/build/website/img/ford_logo.e264b95b.svg,success,,224166.0
linde-gas.nl,https://www.linde-gas.nl/shop/nl/nl-ig/home,https://shop.pangas.ch/wcsstore/NL_RES_Industrial_Gas_Store/Assets/apple-touch-icon.png,success,,528829.0
aamcofeastervillepa.com,https://www.aamcofeastervillepa.com/,https://www.aamcofeastervillepa.com/images/IconAAMCOnew.ico,success,,46062.0
engie.de,https://www.engie.de/,https://www.engie.de/apple-touch-icon-57x57.png?v=engielogo,success,,51115.0
scte-prod.herokuapp.com,https://scte-prod.herokuapp.com/accounts/login/,https://scte-prod.herokuapp.com/static/favicon/apple-touch-icon.827c7896ab86.png,success,,46174.0
spie.lu,https://spie.lu/en,https://spie.lu/img/logo-spie.png,success,,28530.0
mazda-autohaus-haese-erkrath-hochdahl.de,https://www.mazda-autohaus-haese-erkrath-hochdahl.de/,https://www.assets.mazda-autohaus.de/assets/img/favicons/apple-icon.png,success,,74304.0
intersport-arc1950.com,https://www.intersport-arc1950.com/,https://www.intersport-arc1950.com/favicons/apple-touch-icon-57x57.png,success,,31646.0
savethechildren.it,https://www.savethechildren.it/,https://www.savethechildren.it/themes/custom/stc/favicon/favicon.ico,success,,47605.0
misterwhat.nl,https://www.misterwhat.nl/,https://s3-eu-west-1.amazonaws.com/cdn.misterwhat.com/apple-touch-icon.png,success,,20108.0
saint-gobain.ru,,,fail,,
ikea.es,https://www.ikea.es/,https://www.ikea.es/images/favicon.ico,success,,26106.0
daikin.com.vn,https://www.daikin.com.vn/,https://www.daikin.com.vn/favicon.ico,success,,4184.0
nobleprog.co.th,https://www.nobleprog.co.th/,https://www.nobleprog.co.th/favicon.png,success,,75732.0
aamcowintervillenc.com,https://www.aamcowintervillenc.com/,https://www.aamcowintervillenc.com/wp-content/uploads/2018/11/cropped-AAMCO_favicon-192x192.png ,success,,123534.0
spitexaadorf.ch,https://www.spitexaadorf.ch/,https://www.spitexaadorf.ch/media/images/favicons/favicon.ico,success,,40150.0
veolia.in,https://www.veolia.in/,https://www.veolia.in/themes/custom/veo_site/src/assets/icons/favicon.ico,success,,167472.0
wurth.ua,https://wurth.ua/,https://wurth.ua/themes/demo/assets/images/favicon.png,success,,120061.0
metlife.co.kr,https://www.metlife.co.kr/,https://www.metlife.co.kr/static/images/favicon.ico,success,,159778.0
einhell.hr,https://www.einhell.hr/,https://www.einhell.hr/_assets/369fecbaddba51f6af024f761a766400/Assets/favicons/favicon.png,success,,104138.0
toyotafocsani.ro,https://www.toyotafocsani.ro/,https://www.toyotafocsani.ro/wp-content/uploads/2021/03/cropped-logo-512x512-1-32x32.png,success,,131464.0
aamco-newbraunfels.com,https://www.aamco-newbraunfels.com/,https://www.aamco-newbraunfels.com/wp-content/uploads/2018/11/cropped-AAMCO_favicon-192x192.png ,success,,118995.0
bestrucksofmn.net,https://www.bestrucksofmn.net/,https://www.bestrucksofmn.net/favicon.ico,success,,74493.0
berlitzph.com,https://www.berlitzph.com/,https://www.berlitzph.com/wp-content/themes/pol-wp-theme/images/favicon.ico,success,,80742.0
fmc-mexico.com,https://fmc-mexico.com/,https://fmc-mexico.com/wp-content/themes/fmcna-mexico/images/ico/favicon.ico,success,,146576.0
mitsubishielectric.cz,https://www.mitsubishielectric.cz/,https://www.mitsubishielectric.cz/static/img/favicon/apple-touch-icon.png,success,,36508.0
renaultsancosme.com.mx,,,fail,,
mazda-autohaus-kilger-regen.de,https://www.mazda-autohaus-kilger-regen.de/,https://www.assets.mazda-autohaus.de/assets/img/favicons/apple-icon.png,success,,62252.0
toupret.ch,https://www.toupret.ch/,https://www.toupret.ch/favicon.ico,success,,111517.0
mazdalakeland.com,,,fail,,
ikea.com.tr,https://www.ikea.com.tr/,https://www.ikea.com.tr/favicon.ico,success,,143811.0
mazda-rzeszow-czach.pl,https://www.mazda-rzeszow-czach.pl/,https://www.mazda-rzeszow-czach.pl/Themes/templateTheme/images/favicon/apple-touch-icon.png,success,,109441.0
ymca-cnw.org,https://ymca-cnw.org/,https://ymca-cnw.org/wp-content/uploads/2020/06/cropped-download-2-32x32.png,success,,147082.0
veolia.pt,https://www.veolia.pt/,https://www.veolia.pt/themes/custom/veo_site/src/assets/icons/favicon.ico,success,,155816.0
srpb2b.com,https://srpb2b.com/,https://srpb2b.com/admin_assets/images/favicon/favicon-32x32.png,success,,31562.0
aamcosantaclaritaca.com,https://www.aamcosantaclaritaca.com/,https://www.aamcosantaclaritaca.com/images/IconAAMCOnew.ico,success,,42514.0
edenred.es,https://www.edenred.es/,https://www.edenred.es/wp-content/uploads/2023/09/cropped-favicon-1-32x32.png,success,,242366.0
airbnb.rs,https://www.airbnb.rs/,https://a0.muscache.com/airbnb/static/icons/apple-touch-icon-76x76-3b313d93b1b5823293524b9764352ac9.png,success,,767238.0
renaulttlalnepantla.com.mx,,,fail,,
dulux.pl,https://www.dulux.pl/pl,https://www.dulux.pl/content/dam/akzonobel-flourish/dulux/pl/pl/favicon/apple-touch-icon-180x180.png,success,,138118.0
thebodyshop.si,https://thebodyshop.si/,https://thebodyshop.si/image/catalog/design/logomark-green.png,success,,225211.0
immunospot.eu,https://immunospot.eu/,https://immunospot.eu/media/favicon/stores/1/dots-immunos.png,success,,224039.0
kia-moeller-eisenach.de,https://www.kia-moeller-eisenach.de/,https://www.kia-moeller-eisenach.de/etc.clientlibs/settings/wcm/designs/eut/clientlib/resources/rbr/rbr-fav.ico,success,,178723.0
greatplacetowork.com.cy,https://www.greatplacetowork.com.cy/,http://www.greatplacetowork.com.cy/wp-content/uploads/2022/12/emprising_platform@2x-300x182.png,success,,180234.0
orange.sn,https://www.orange.sn/,https://orange.sn/sites/default/files/favicon.ico,success,,165039.0
bakertilly.dk,https://www.bakertilly.dk/,https://www.bakertilly.dk/apple-touch-icon.png,success,,131617.0
mazda-autohaus-banaszak-kleve.de,https://www.mazda-autohaus-banaszak-kleve.de/,https://www.assets.mazda-autohaus.de/assets/img/favicons/apple-icon.png,success,,63704.0
bakertilly.ke,https://www.bakertilly.ke/,https://www.bakertilly.ke/wp-content/uploads/2025/02/cropped-android-chrome-512x512-1.png,success,,145651.0
araihelmet.com,http://araihelmet.com/,http://araihelmet.com/assets/img/favicon.ico,success,,6335.0
nestle.mk,https://www.nestle.mk/,https://www.nestle.mk/themes/custom/da_vinci_code/images/favicons/favicon.ico,success,,240322.0
globalconnectgroup.com,https://globalconnectgroup.com/,https://globalconnectgroup.com/app/uploads/sites/9/2024/05/gc-logo-symbol-blue-150x150.png,success,,33656.0
aamcofortworth.com,https://www.aamcofortworth.com/,https://www.aamcofortworth.com/images/IconAAMCOnew.ico,success,,43551.0
aamcosuffolkva.com,https://www.aamcosuffolkva.com/,https://www.aamcosuffolkva.com/images/IconAAMCOnew.ico,success,,41595.0
papasaveriospizzeria.com,http://papasaveriospizzeria.com/,https://assets.grubhub.com/img/grubhub/favicon.ico,success,,2435.0
linde-gas.ee,https://www.linde-gas.ee/shop/et/ee-ig/home,https://static.prd.echannel.linde.com/wcsstore/EE_REN_Industrial_Gas_Store/images/Linde_plc_UTG_logo_1_CMYK_IsoCV2.png,success,,573395.0
mazda-autohaus-elstner-jena.de,https://www.mazda-autohaus-elstner-jena.de/,https://www.assets.mazda-autohaus.de/assets/img/favicons/apple-icon.png,success,,58606.0
servier.com.ar,https://servier.com.ar/,https://servier.com.ar/wp-content/uploads/sites/5/2022/10/cropped-Favicon_Servier-32x32.png,success,,61709.0
sitechnorthwest.com,https://sitechnw.com/,https://sitechnw.com/wp-content/uploads/2021/09/cropped-SITECH-icon-32x32.png,success,,94191.0
rotary-bulgaria.org,https://www.rotary-bulgaria.org/,https://www.rotary-bulgaria.org/favicon.png,success,,97439.0
moog.co.uk,https://www.moog.co.uk/,https://www.moog.co.uk/etc.clientlibs/moog/clientlibs/moog.all-components/resources/images/favicon.ico,success,,57455.0
kia-mueller-genthin.de,https://www.kia-mueller-genthin.de/,https://www.kia-mueller-genthin.de/etc.clientlibs/settings/wcm/designs/eut/clientlib/resources/rbr/rbr-fav.ico,success,,153136.0
carglass.gr,https://www.carglass.gr/,https://www.carglass.gr/images/favicon.ico,success,,198486.0
murrelektronik.sk,https://www.murrelektronik.sk/sk/,https://www.murrelektronik.sk/fileadmin/images/apple-touch-icon.png,success,,78393.0
cfmotoperu.com,https://www.cfmoto.com.pe/,https://www.cfmoto.com.pe/assets/images/logos/favicon_cfmoto.ico,success,,18082.0
aamcometuchen.com,https://www.aamcometuchen.com/,https://www.aamcometuchen.com/images/IconAAMCOnew.ico,success,,44129.0
mazda-autohaus-dorner-riedlingen.de,https://www.mazda-autohaus-dorner-riedlingen.de/,https://www.assets.mazda-autohaus.de/assets/img/favicons/apple-icon.png,success,,68247.0
aamcotulsa-brokenarrow.com,https://www.aamcotulsa-brokenarrow.com/,https://www.aamcotulsa-brokenarrow.com/images/IconAAMCOnew.ico,success,,43889.0
mercyships.se,https://mercyships.se/,https://mercyships.se/wp-content/uploads/2021/07/Favicon-Mercy-Ships-100x100.png,success,,588355.0
mazda-service-koch-ludwigsfelde.de,https://www.mazda-service-koch-ludwigsfelde.de/,https://www.assets.mazda-autohaus.de/assets/img/favicons/apple-icon.png,success,,60811.0
kia-plt.ru,https://kia-plt.ru/,https://cdn.kia.ru/site-data/favicon/favicon-16x16.png,success,,359009.0
lamborghini-zh.ch,https://www.lamborghini-zh.ch/,https://www.lamborghini-zh.ch/img/icons/apple-icon-57x57.png,success,,320270.0
secureparking.co.id,https://secureparking.co.id/,https://secureparking.co.id/wp-content/uploads/2023/03/cropped-faviconsecure-32x32.png,success,,231537.0
solatube.se,https://solatube.se/,https://solatube.se/wp-content/themes/theme5150/img/icons/favicon.ico,success,,40481.0
aviapolska.pl,https://www.aviapolska.pl/,https://uploads-ssl.webflow.com/61765b3be70dd0573e671287/61767b3c192a760276819ea8_logo_avia.svg,success,,4287.0
statkraft.ie,https://www.statkraft.ie/,https://www.statkraft.ie/apple-touch-icon.png,success,,95230.0
carglass.cz,https://carglass.cz/,https://carglass.cz/images/favicons/apple-touch-icon.png,success,,187579.0
intersport-martinique-guadeloupe.fr,https://www.intersport-martinique-guadeloupe.fr/,https://uploads.prod01.oregon.platform-os.com/instances/1634/assets/favicon.png?updated=1614093279,success,,37870.0
bakertilly.bg,https://bakertillysee.com/bg/,https://bakertillysee.com/wp-content/uploads/2024/12/logo-1.png,success,,170907.0
allianz-assistance.ie,,,fail,,
isic.de,https://isic.de/de/,https://isic.de/isicde/wp-content/uploads/2023/05/cropped-cropped-fav_icon_isic-300x300-1-32x32.png,success,,449822.0
starbucks.co.nz,https://www.starbucks.co.nz/,https://www.starbucks.co.nz/content/images/favicon.ico,success,,131404.0
benu.ee,https://www.benu.ee/,https://www.benu.ee/application/images/favicons/favicon.ico,success,,1387705.0
sto.hr,https://www.sto.hr/s/,https://static.sto-net.com/favicons/sto/favicon.ico,success,,227704.0
decathlon.ch,,,fail,,
enterprise.dk,,,fail,,
demeter-bw.de,https://www.demeter-bw.de/,https://www.demeter-bw.de/themes/wingsuit/images/favicon.ico,success,,205293.0
carlsjr.com.sg,https://www.carlsjr.com.sg/,https://i0.wp.com/carlsjr.com.sg/wp-content/uploads/2023/11/cropped-icon.png?fit=32%2C32&ssl=1,success,,126204.0
dertour.sk,https://www.dertour.sk/,https://www.dertour.sk/www/dertour.sk/assets/img/favicon.ico,success,,142750.0
mazda-autohaus-ludwig-halle-neustadt.de,https://www.mazda-autohaus-ludwig-halle-neustadt.de/,https://www.assets.mazda-autohaus.de/assets/img/favicons/apple-icon.png,success,,63336.0
toyotaaktoy.com.tr,https://www.toyotaaktoy.com.tr/,https://www.toyotaaktoy.com.tr/Assets/img/apple-touch-icon.png,success,,196704.0
mazda-angola-autozuid.com,https://www.mazda-angola-autozuid.com/,http://www.mazda-angola-autozuid.com/wp-content/uploads/2015/10/Mazda64.png,success,,82947.0
santillana.com.uy,https://www.santillana.com.uy/,https://www.santillana.com.uy/wp-content/uploads/sites/20/2024/10/cropped-cropped-1538077230_original-32x32.webp,success,,188358.0
africell.ao,https://www.africell.ao/,https://www.africell.ao/wp-content/uploads/2023/05/cropped-230502-Africell-Favicon-01-32x32.png,success,,96272.0
crocs.ch,https://www.crocs.ch/,https://www.crocs.ch/cdn/shop/files/favicon_180x180.png?v=1701001893,success,,505977.0
mazda-ma.com,https://www.mazda-ma.com/,https://www.mazda-ma.com/favicon.ico,success,,54228.0
cdlbarreiras.com.br,https://www.cdlbarreiras.com.br/,https://www.cdlbarreiras.com.br/wp-content/uploads/2017/09/favico.jpg,success,,153032.0
bonprix.nl,https://www.bonprix.nl/,https://www.bonprix.nl/resources/images/layouts/default/favicon.ico,success,,345364.0
mcdonalds.co.za,https://www.mcdonalds.co.za/,https://www.mcdonalds.co.za/resources/img/favicon.ico,success,,61599.0
pearsonclinical.co.uk,https://www.pearsonclinical.co.uk/,https://www.pearsonclinical.co.uk/apps/settings/wcm/designs/school/global/clinical/uk-clinical/favicon.ico,success,,145737.0
tupperware.co.kr,https://www.tupperware.co.kr/,https://www.tupperware.co.kr/cdn/shop/files/favicon_green_96x96_2bf051d9-a358-4b8f-bd02-c1ae358b0ba3_96x.png?v=1703581065,success,,552882.0
ford.if.ua,https://ford.if.ua/,https://ford.if.ua/build/website/img/ford_logo.e264b95b.svg,success,,223785.0
ikea.ee,https://www.ikea.ee/et,https://d28of4jgobvr79.cloudfront.net/webroot/img/favicon.ico?v=revamp202502251250,success,,4307380.0
mazda.fi,https://www.mazda.fi/,https://www.mazda.fi/static/icons/favicon.ico,success,,61179.0
toyotagocmenturk.com.tr,https://www.toyotagocmenturk.com.tr/,https://www.toyotagocmenturk.com.tr/Assets/img/apple-touch-icon.png,success,,196932.0
mazda-autohaus-buelo-naumburg.de,https://www.mazda-autohaus-buelo-naumburg.de/,https://www.assets.mazda-autohaus.de/assets/img/favicons/apple-icon.png,success,,61676.0
veolia.pl,https://www.veolia.pl/,https://www.veolia.pl/themes/custom/veo_site/src/assets/icons/favicon.ico,success,,115804.0
culliganquadcities.com,https://www.culliganquadcities.com/,https://www.culliganquadcities.com/images/favicons/favicon.ico,success,,214859.0
nikonschool.de,,,fail,,
baywa-re.vn,https://www.baywa-re.vn/en/,https://www.baywa-re.vn/typo3conf/ext/gg_base/Resources/Public/country/dist/img/favicons/favicon.ico,success,,93314.0
worldvision.org.nz,https://www.worldvision.org.nz/,https://www.worldvision.org.nz/apple-touch-icon.png,success,,81802.0
bioderma-sk.com,https://www.bioderma-sk.com/,https://www.bioderma-sk.com/themes/custom/bioderma_theme/favicon.ico,success,,282185.0
toyotabacau.ro,https://www.toyotabacau.ro/,https://www.toyotabacau.ro/wp-content/uploads/2021/03/cropped-logo-512x512-1-32x32.png,success,,131508.0
toysrus.com.my,https://www.toysrus.com.my/,https://www.toysrus.com.my/on/demandware.static/Sites-ToysRUs_MY-Site/-/default/dwd36f3281/images/favicon/favicon-tru-16.png,success,,230405.0
medef-corse.com,https://medef-corse.com/fr/,https://medef-corse.com/favicon.png,success,,62574.0
mcdonalds.md,https://www.mcdonalds.md/,https://www.mcdonalds.md/image/favicon/apple-touch-icon.png,success,,22566.0
aamcoconwaysc.com,https://www.aamcoconwaysc.com/,https://www.aamcoconwaysc.com/wp-content/uploads/2018/11/cropped-AAMCO_favicon-192x192.png ,success,,91802.0
murrelektronik.be,https://www.murrelektronik.be/be-nl/,https://www.murrelektronik.be/fileadmin/images/apple-touch-icon.png,success,,81500.0
decathlon.hu,,,fail,,
jungheinrich.com.sg,https://www.jungheinrich.com.sg/,https://media-live2.prod.scw.jungheinrichcloud.com/resource/blob/557570/d12a0d56e753b15f6b494fd35af7befb/startpage-favicon.ico,success,,193666.0
culliganwatertreatment.com,https://www.culliganwatertreatment.com/,https://www.culliganwatertreatment.com/images/favicons/favicon.ico,success,,237803.0
mazda-autohaus-thoss-falkenstein.de,https://www.mazda-autohaus-thoss-falkenstein.de/,https://www.assets.mazda-autohaus.de/assets/img/favicons/apple-icon.png,success,,59606.0
bbraun.ae,https://www.bbraun.ae/en.html,https://www.bbraun.ae/etc.clientlibs/settings/wcm/designs/clientlibs/bbraun/bbraun.static/resources/img/favicon.ico,success,,25298.0
isover.se,https://www.isover.se/,https://www.isover.se/sites/mac3.isover.se/files/Favicon%20isover%20%20new%20%281%29.png,success,,199347.0
synlab.com.gh,https://www.synlab.com.gh/,https://www.synlab.com.gh/media/templates/site/synlab/images/favicon.ico,success,,45505.0
culligantulsa.com,https://www.culligantulsa.com/,https://www.culligantulsa.com/images/favicons/favicon.ico,success,,224408.0
rutscherlebnis.at,https://www.rutscherlebnis.at/,https://www.rutscherlebnis.at/website/static/img/favicon.png,success,,87084.0
grantthornton.com.ve,https://www.grantthornton.com.ve/,https://www.grantthornton.com.ve/dist/images/grantthornton_logo-57x57.png,success,,481398.0
adecco.com.sg,https://www.adecco.com.sg/,https://cdn-01.cms-ap-v2i.applyflow.com/adecco-singapore/wp-content/uploads/2022/11/cropped-favicons-32x32.png,success,,223253.0
modshair-bielefeld.de,https://www.modshair-bielefeld.de/,https://www.modshair-bielefeld.de/files/themes/favicon/apple-touch-icon.png,success,,29689.0
aamcoeverett.com,https://www.aamcoeverett.com/,https://www.aamcoeverett.com/images/IconAAMCOnew.ico,success,,45050.0
reedglobal.hu,https://www.reedglobal.hu/,https://www.reedglobal.hu/rails/active_storage/blobs/redirect/eyJfcmFpbHMiOnsibWVzc2FnZSI6IkJBaHBBM2tqWFE9PSIsImV4cCI6bnVsbCwicHVyIjoiYmxvYl9pZCJ9fQ==--6b13a83fd0c29d46c6dea02903af08d0db38453c/android-chrome-192x192.png,success,,809866.0
mazdaoforange.com,,,fail,,
reedglobal.pl,https://www.reedglobal.pl/,https://www.reedglobal.pl/rails/active_storage/blobs/redirect/eyJfcmFpbHMiOnsibWVzc2FnZSI6IkJBaHBBNThqWFE9PSIsImV4cCI6bnVsbCwicHVyIjoiYmxvYl9pZCJ9fQ==--8843018f92d1f52a09df7d2122286df6f892f85d/android-chrome-192x192.png,success,,779438.0
actemium.pt,https://www.actemium.pt/,https://www.actemium.pt/app/themes/actemium/resources/assets/images/favicons/apple-touch-icon.png,success,,961622.0
pearsonclinical.ca,https://www.pearsonclinical.ca/en.html,https://www.pearsonclinical.ca/apps/settings/wcm/designs/school/global/clinical/ca/en/favicon.ico,success,,148758.0
kiamarin.com,,,fail,,
toyota-annecy.fr,,,fail,,
medef-sarthe.fr,https://www.medef-sarthe.fr/fr/,https://www.medef-sarthe.fr/favicon.png,success,,52718.0
aamcoclaymontde.com,https://www.aamcoclaymontde.com/,https://www.aamcoclaymontde.com/images/IconAAMCOnew.ico,success,,44289.0
bosch-industry-consulting.com,https://www.bosch-industry-consulting.com/home/,https://www.bosch-industry-consulting.com/media/tech/tech_images/favicon.ico,success,,272377.0
bbraun.ca,https://www.bbraun.ca/en.html,https://www.bbraun.ca/etc.clientlibs/settings/wcm/designs/clientlibs/bbraun/bbraun.static/resources/img/favicon.ico,success,,64279.0
bakertilly.lv,https://www.bakertilly.lv/,https://www.bakertilly.lv/apple-touch-icon.png,success,,93501.0
flashbay.com.my,https://www.flashbay.com.my/,https://static.flashbay.com.my/templates/images/favicon.ico,success,,544759.0
murrelektronik.hu,https://www.murrelektronik.hu/hu/,https://www.murrelektronik.hu/fileadmin/images/apple-touch-icon.png,success,,82350.0
bakertilly.sg,https://www.bakertilly.sg/,https://www.bakertilly.sg/apple-touch-icon.png,success,,85837.0
pingusenglish.co.id,,,fail,,
atalian.pl,https://atalian.pl/,https://atalian.com/favicon.ico,success,,140084.0
linde.co.th,https://www.linde.co.th/shop/en/thai/home,https://static.prd.echannel.linde.com/wcsstore/TH_RSE_Industrial_Ntl_Store/images/logo/New_Linde_PLC_270x134.jpg,success,,540826.0
aamcoeastmesa.com,https://www.aamcoeastmesa.com/,https://www.aamcoeastmesa.com/images/IconAAMCOnew.ico,success,,45870.0
repsol.in.ua,http://repsol.in.ua/,http://repsol.in.ua/image/catalog/favicon.png,success,,16765.0
engie-africa.com,https://www.engie-africa.com/,https://www.engie-africa.com/wp-content/themes/engie-africa/images/favicons/favicon.png,success,,82261.0
veka.pt,https://www.veka.pt/,https://www.veka.pt/wp-content/themes/veka/images/favicon.png,success,,130877.0
stanbicbank.co.bw,https://www.stanbicbank.co.bw/botswana/personal,https://www.stanbicbank.co.bw/static_file/assets/favicons/favicon.ico,success,,258472.0
zalando.no,,,fail,,
spitexgossau.ch,https://www.spitexgossau.ch/,https://www.spitexgossau.ch/img/spitex2022/default/favicon.ico,success,,20303.0
toysrus.com.ph,https://www.toysrus.com.ph/,https://www.toysrus.com.ph/images/favicon.ico,success,,30718.0
spitex-region-stockhorn.ch,https://www.spitex-region-stockhorn.ch/,https://www.spitex-region-stockhorn.ch/img/spitex2014/default/favicon.ico,success,,22267.0
algeco.sk,https://www.algeco.sk/,https://www.algeco.sk/sites/all/themes/algeco/favicon.ico,success,,40412.0
aamcoparkvillemd.com,https://www.aamcoparkvillemd.com/,https://www.aamcoparkvillemd.com/images/IconAAMCOnew.ico,success,,43470.0
wuerth.com.hr,https://eshop.wuerth.com.hr/,https://eshop.wuerth.com.hr/static/version1742793870/frontend/wc/b2b_eshop/hr_HR/icons/favicon.ico,success,,96847.0
autosecuritas-ct-notre-dame-doe.fr,https://www.autosecuritas-ct-notre-dame-doe.fr/public/,https://www.autosecuritas-ct-notre-dame-doe.fr/public/img/showcase/favicons/apple-touch-icon.png,success,,63424.0
mazda-autohaus-lotspeich-muenchen.de,https://www.mazda-autohaus-lotspeich-muenchen.de/,https://www.assets.mazda-autohaus.de/assets/img/favicons/apple-icon.png,success,,74738.0
actemium.com,https://www.actemium.com/,https://www.actemium.com/app/themes/actemium/resources/assets/images/favicons/apple-touch-icon.png,success,,966574.0
veoliawatertechnologies.fi,https://www.veoliawatertechnologies.fi/fi,https://www.veoliawatertechnologies.fi/themes/custom/veo_site/src/assets/icons/favicon.ico,success,,192984.0
flashbay.co.nz,https://www.flashbay.co.nz/,https://static.flashbay.co.nz/templates/images/favicon.ico,success,,523691.0
ford.dn.ua,https://www.ford.dn.ua/,https://www.ford.dn.ua/v138/favicon.ico,success,,22500.0
mazda.ru,https://www.mazda.ru/,,exception,[WinError 2] The system cannot find the file specified: 'data/debug/html_debug\\www_mazda_ru.html',24295.0
aamcowestbroward.com,https://www.aamcowestbroward.com/,https://www.aamcowestbroward.com/images/IconAAMCOnew.ico,success,,46745.0
yonyou.com.hk,https://www.yonyou.com.hk/,https://www.yonyou.com.hk/wp-content/uploads/2019/09/cropped-用友ERP_1_画板-1-32x32.png,success,,772593.0
renaultcampeche.mx,,,fail,,
viacon.no,https://viacon.no/,https://viacon.no/wp-content/uploads/2023/03/cropped-cropped-icon-32x32.png,success,,157418.0
aamco-omahasouth.com,https://www.aamco-omahasouth.com/,https://www.aamco-omahasouth.com/wp-content/uploads/2018/11/cropped-AAMCO_favicon-192x192.png ,success,,135308.0
veolia.bg,https://www.veolia.bg/bg,https://www.veolia.bg/themes/custom/veo_site/src/assets/icons/favicon.ico,success,,101498.0
adecco.co.th,https://adecco.co.th/,https://adecco.co.th/favicon.ico,success,,57453.0
nordicpharma.pt,https://www.nordicpharma.pt/,https://www.nordicpharma.pt/wp-content/uploads/sites/12/2022/08/cropped-favicon-1-32x32.png,success,,244697.0
aamcohialeahfl.com,https://www.aamcohialeahfl.com/,https://www.aamcohialeahfl.com/images/IconAAMCOnew.ico,success,,42401.0
kiaofdaphne.com,,,fail,,
isover.ua,https://www.isover.ua/,https://www.isover.ua/sites/mac3.isover.ua/files/Favicon%20isover%20%20new.png,success,,91296.0
vans.at,,,fail,,
globalconnectcarrier.com,https://globalconnectcarrier.com/,https://globalconnectcarrier.com/app/uploads/sites/8/2024/06/cropped-gc-logo-symbol-blue-32x32.png,success,,49114.0
vbh.be,https://www.vbh.be/,https://www.vbh.be/static/Favicon/apple-touch-icon.png,success,,40455.0
mazda-autohaus-fritsche-grossschoenau.de,https://www.mazda-autohaus-fritsche-grossschoenau.de/,https://www.assets.mazda-autohaus.de/assets/img/favicons/apple-icon.png,success,,107871.0
techtel.com.sg,https://www.techtel.com.sg/,https://images.squarespace-cdn.com/content/v1/554079b8e4b0c2b9f03dc31f/1430895577927-8ZH1KF9W2CT3KBDX15R7/favicon.ico?format=100w,success,,69439.0
spitex-oberthurgau.ch,https://www.spitex-oberthurgau.ch/,https://www.spitex-oberthurgau.ch/img/spitex2022/default/favicon.ico,success,,27432.0
pragroup.pl,https://pragroup.pl/,https://pragroup.pl/wp-content/uploads/2022/01/favicon.ico,success,,174297.0
veoliawatertechnologies.pl,https://www.veoliawatertechnologies.pl/,https://www.veoliawatertechnologies.pl/themes/custom/veo_site/src/assets/icons/favicon.ico,success,,352430.0
cvjm-hemer.de,https://www.cvjm-hemer.de/,https://www.cvjm-hemer.de/wp-content/uploads/2022/10/cropped-favicon-1-32x32.png,success,,72132.0
mazda-sosnowiec-mirai.pl,https://www.mazda-sosnowiec-mirai.pl/,https://www.mazda-sosnowiec-mirai.pl/Themes/templateTheme/images/favicon/apple-touch-icon.png,success,,110202.0
yves-rocher.pt,https://www.yves-rocher.pt/,https://www.yves-rocher.pt/themes/custom/yves_rocher_theme/favicon.ico,success,,279859.0
wwf.no,https://www.wwf.no/,https://www.wwf.no/resources/images/favicon-26e72c019c.ico,success,,47410.0
vkf-renzel.ro,https://www.vkf-renzel.ro/,https://www.vkf-renzel.ro/out/ra-theme/img/favicons/apple-touch-icon.png,success,,270410.0
rockvalleyculligan.com,https://www.rockvalleyculligan.com/,https://www.rockvalleyculligan.com/images/favicons/favicon.ico,success,,216294.0
atalian.hu,https://atalian.hu/,https://atalian.com/favicon.ico,success,,86697.0
amnesty.id,https://www.amnesty.id/,https://www.amnesty.id/wp-content/plugins/wp-plugin-amnesty-branding/assets/favicons/apple-touch-icon.png,success,,85297.0
veolia.fi,https://www.veolia.fi/,https://www.veolia.fi/themes/custom/veo_site/src/assets/icons/favicon.ico,success,,278222.0
roca.co.th,https://www.roca.co.th/,https://www.roca.co.th/o/roca-theme/images/favicon.ico,success,,365188.0
fleishmanhillard.ph,https://fleishmanhillard.ph/,https://fleishmanhillard.ph/wp-content/themes/fleishmanhillard-sites/images/fh-mark.png,success,,36674.0
avia-belgomine.be,https://www.avia-belgomine.be/,https://www.avia-belgomine.be/wp-content/uploads/2015/08/logo.png,success,,785596.0
greatplacetowork.se,https://greatplacetowork.se/,https://greatplacetowork.se/hubfs/website-gfx/favicon.png,success,,149938.0
toyota-bauer.at,https://www.toyota-bauer.at/,https://www.toyota-bauer.at/fav/apple-touch-icon.png,success,,42353.0
toyota-rillieux.fr,,,fail,,
manpowergroup.dk,https://www.manpowergroup.dk/,https://www.manpowergroup.dk/hubfs/favicon.ico,success,,34531.0
dysartsservicecenter.com,https://dysartsservicecenter.com/,https://dysartsservicecenter.com/wp-content/uploads/2019/10/Dysarts-Service-1.jpg,success,,67603.0
pefc.fi,https://www.pefc.fi/,https://www.pefc.fi/assets/favicon.ico,success,,107567.0
aamcoindependencemo.com,https://www.aamcoindependencemo.com/,https://irp.cdn-website.com/3fffcf2f/dms3rep/multi/header-logo-new-190x140-1.webp,success,,285058.0
caspak.co.nz,https://www.caspak.co.nz/web/database/selector,https://www.caspak.co.nz/web/static/img/favicon.ico,success,,41947.0
toyotasandikci.com.tr,https://www.toyotasandikci.com.tr/,https://www.toyotasandikci.com.tr/Assets/img/apple-touch-icon.png,success,,195275.0
spitexzug.ch,https://www.spitexzug.ch/,https://www.spitexzug.ch/img/spitex2022/default/favicon.ico,success,,40710.0
bakertilly.sl,https://www.bakertilly.sl/,https://www.bakertilly.sl/apple-touch-icon.png,success,,58631.0
papajohns.co.nl,,,fail,,
spitex-oberfreiamt.ch,https://www.spitex-oberfreiamt.ch/,https://www.spitex-oberfreiamt.ch/img/spitex2022/default/favicon.ico,success,,24749.0
mazda-autohaus-schindlbeck-straubing.de,https://www.mazda-autohaus-schindlbeck-straubing.de/,https://www.assets.mazda-autohaus.de/assets/img/favicons/apple-icon.png,success,,79279.0
chicco.ru,,,fail,,
veolia.co.za,https://www.veolia.co.za/,https://www.veolia.co.za/themes/custom/veo_site/src/assets/icons/favicon.ico,success,,108775.0
misterwhat.pt,https://www.misterwhat.pt/,https://s3-eu-west-1.amazonaws.com/cdn.misterwhat.com/apple-touch-icon.png,success,,23970.0
zalando.at,,,fail,,
shimadzu-la.com,https://www.shimadzu-la.com/,https://www.shimadzu-la.com/an/themes/custom/shimadzu_an/images/logo/logo.svg,success,,23287.0
infiniti-abudhabi.com,https://www.infiniti-abudhabi.com/,https://libs-europe.infiniti-cdn.net/etc/designs/infiniti_next_v4/25.03.30.NISSAN-22/common-assets/img/favicon/favicon.png,success,,464604.0
mazda-autohaus-mueller-und-thurnes-tholey.de,https://www.mazda-autohaus-mueller-und-thurnes-tholey.de/,https://www.assets.mazda-autohaus.de/assets/img/favicons/apple-icon.png,success,,58964.0
aamcoburbank.com,https://www.aamcoburbank.com/,https://www.aamcoburbank.com/images/IconAAMCOnew.ico,success,,44388.0
tupperware.es,,,fail,,
mazda-autohaus-albstadt-auto-domicil-ebingen.de,https://www.mazda-autohaus-albstadt-auto-domicil-ebingen.de/,https://www.assets.mazda-autohaus.de/assets/img/favicons/apple-icon.png,success,,72483.0
hondasemarangcenter.com,https://www.hondasemarangcenter.com/,https://www.hondasemarangcenter.com/img/fav.png,success,,28533.0
adlatus-nordwestschweiz.ch,https://adlatus-nordwestschweiz.ch/,https://adlatus-nordwestschweiz.ch/wp-content/uploads/2021/02/favicon-150x150.png,success,,105264.0
demetercs.eu,https://www.demetercs.eu/,https://static.wixstatic.com/media/b23043_e2a42c954cef4dcdb60e7984845807a9%7Emv2.png/v1/fill/w_192%2Ch_192%2Clg_1%2Cusm_0.66_1.00_0.01/b23043_e2a42c954cef4dcdb60e7984845807a9%7Emv2.png,success,,1119952.0
sitechsolutions.com,https://www.sitechsolutions.com/,https://www.sitechsolutions.com/wp-content/themes/sitech/favicon.ico,success,,68176.0
subaru-bd.com,http://subaru-bd.com/,http://subaru-bd.com/assets/images/logo02.jpg,success,,112512.0
toysrus.fr,https://www.toysrus.fr/,https://www.toysrus.fr/TRU_Logo.png,success,,1100.0
mazda-krakow-kazokuluzar.pl,https://www.mazda-krakow-kazokuluzar.pl/,https://www.mazda-krakow-kazokuluzar.pl/Themes/templateTheme/images/favicon/apple-touch-icon.png,success,,110694.0
carglass.hu,https://www.carglass.hu/,https://www.carglass.hu/wp-content/themes/carglass/assets/img/favicon.ico,success,,49799.0
astrazeneca.hu,https://www.astrazeneca.hu/,https://www.astrazeneca.hu/etc/designs/az/img/favicons/icon-favicon.ico,success,,48488.0
pragroup.com.au,https://www.pragroup.com.au/,https://www.pragroup.com.au/wp-content/uploads/2021/12/favicon.ico,success,,127814.0
aonsolutions.com.cy,https://www.aonsolutions.com.cy/,https://www.aonsolutions.com.cy/Content/images/logo_aon_red.png,success,,14585.0
toyotaortakoy.com.tr,,,fail,,
culligansiouxcity.com,https://www.culligansiouxcity.com/,https://www.culligansiouxcity.com/images/favicons/favicon.ico,success,,229985.0
kia-ci.com,https://kia-ci.com/,https://kia-ci.com/wp-content/uploads/2021/01/cropped-new-kia-logo_icone-32x32.jpg,success,,613836.0
kia-crimea.ru,https://kia-crimea.ru/,https://cdn.kia.ru/site-data/favicon/favicon-16x16.png,success,,197615.0
einhell.com.ar,https://www.einhell.com.ar/,https://www.einhell.com.ar/_assets/369fecbaddba51f6af024f761a766400/Assets/favicons/favicon.png,success,,80402.0
lidl-ni.co.uk,https://www.lidl-ni.co.uk/,https://www.lidl-ni.co.uk/cdn/assets/logos/1.0.1/lidl-logo-shop-cdn.svg,success,,674204.0
acuraofwestchester.com,,,fail,,
chicco.co.nz,,,fail,,
veolia.am,https://www.veolia.am/hy,https://www.veolia.am/themes/custom/veo_site/src/assets/icons/favicon.ico,success,,140058.0
lindesaude.pt,https://lindesaude.pt/shop/pt/pt-homecare-store,https://lindesaude.pt/wcsstore/NL_Homecare_Store/images/favicon-icon.ico,success,,307119.0
bioderma.it,https://www.bioderma.it/,https://www.bioderma.it/themes/custom/bioderma_theme/favicon.ico,success,,255427.0
rationalstock.es,https://www.rationalstock.es/,https://www.rationalstock.es/img_rational/img/icons/favicon2018.png,success,,861835.0
bbraun.ph,https://www.bbraun.ph/en.html,https://www.bbraun.ph/etc.clientlibs/settings/wcm/designs/clientlibs/bbraun/bbraun.static/resources/img/favicon.ico,success,,46746.0
lidl-giftcard.eu,https://www.lidl-giftcard.eu/,,exception,[WinError 2] The system cannot find the file specified: 'data/debug/html_debug\\www_lidl-giftcard_eu.html',212.0
salvationarmy.org.sg,https://www.salvationarmy.org.sg/,https://www.salvationarmy.org.sg/wp-content/uploads/2022/03/cropped-favicon-32x32.png,success,,347730.0
hyundaiblacktown.com.au,https://www.hyundaiblacktown.com.au/,https://www.hyundaiblacktown.com.au/favicon/hyundai.png,success,,184840.0
kuraray.us.com,https://kuraray.us.com/,https://kuraray.us.com/wp-content/themes/kuraray/_/img/icons/fav/apple-icon-57x57.png,success,,137752.0
infiniti-dubai.com,https://www.infiniti-dubai.com/,https://libs-europe.infiniti-cdn.net/etc/designs/infiniti_next_v4/25.03.30.NISSAN-22/common-assets/img/favicon/favicon.png,success,,490148.0
muvpropiedades.com.ar,https://www.muvpropiedades.com.ar/,https://www.muvpropiedades.com.ar/favicon.ico,success,,41623.0
myron.ca,https://www.myron.ca/,https://cdn11.bigcommerce.com/s-gdrjnpyqb4/product_images/favicon.png?t=1710502269,success,,280125.0
crocssa.co.za,https://www.crocssa.co.za/,https://www.crocssa.co.za/cdn/shop/files/CrocsFavicon_256x256_1_32x32.png?v=1647386129,success,,219437.0
mercyships.dk,https://mercyships.dk/,https://mercyships.dk/wp-content/uploads/2022/06/Favicon-Mercy-Ships-150x150.png,success,,307724.0
mazda-uae.com,,,fail,,
aamcomissouricitytx.com,https://www.aamcomissouricitytx.com/,https://www.aamcomissouricitytx.com/images/IconAAMCOnew.ico,success,,42610.0
colorflexpackaging.com,,,fail,,
linexcoloradosprings.com,https://linexcoloradosprings.com/,https://linexcoloradosprings.com/wp-content/uploads/2021/06/icon.png,success,,64821.0
propertyfinder.com,https://www.propertyfinder.com/,https://www.propertyfinder.com/wp-content/themes/pf/images/favicon/favicon.ico,success,,23078.0
misterwhat.pl,https://www.misterwhat.pl/,https://s3-eu-west-1.amazonaws.com/cdn.misterwhat.com/apple-touch-icon.png,success,,20238.0
mazda-autohaus-doerenkaemper-bad-hersfeld.de,https://www.mazda-autohaus-doerenkaemper-bad-hersfeld.de/,https://www.assets.mazda-autohaus.de/assets/img/favicons/apple-icon.png,success,,105091.0
linde-gaz.pl,https://www.linde-gaz.pl/shop/pl/pl-ig/polska,https://static.prd.echannel.linde.com/wcsstore/PL_RME_Industrial_Gas_Store/images/Logo/linde_logo.png,success,,633218.0
servier.co.uk,https://www.servier.co.uk/,https://www.servier.co.uk/wp-content/uploads/sites/21/2022/10/cropped-favicon-2-32x32.png,success,,51276.0
pingusenglishbd.com,,,fail,,
cvjm-muensingen.de,https://cvjm-muensingen.de/,https://cvjm-muensingen.de/wp-content/uploads/2019/10/cvjm-logo-groß-ausgeschnitten-150x150.jpg,success,,128173.0
aamcopompanobeach.com,https://www.aamcopompanobeach.com/,https://www.aamcopompanobeach.com/images/IconAAMCOnew.ico,success,,43024.0
aamcovinelandnj.com,https://www.mylocalaamco.com/,https://www.mylocalaamco.com/images/IconAAMCOnew.ico,success,,19330.0
nestle.bg,https://www.nestle.bg/bg,https://www.nestle.bg/themes/custom/da_vinci_code/images/favicons/favicon.ico,success,,245352.0
linexofmacon.com,https://www.linexofmacon.com/,https://static.mywebsites360.com/cdc0550dc05e4e0e9cfa2f947bad436d/f/95484f9d999cb1d86e7a9302d88ae6a59ad00a75/1/favicon-180x180.png,success,,47285.0
worldvision.org.sv,https://worldvision.org.sv/,https://worldvision.org.sv/hubfs/Wolrd%20Vision%20Logo.jpg,success,,164546.0
inductothermgroup.com.br,https://inductothermgroup.com.br/,https://inductothermgroup.com.br/wp-content/uploads/sites/30/2019/05/cropped-inductotherm-icon-32x32.png,success,,298147.0
plameco.nl,https://www.plameco.nl/,https://www.plameco.nl/app/images/favicon/favicon.ico,success,,164892.0
